{"errors":[],"warnings":[],"namedChunkGroups":{"polyfill":{"chunks":[2,10],"assets":["webpack-runtime-a6b46f957a39accb3b40.js","webpack-runtime-a6b46f957a39accb3b40.js.map","polyfill-d10938940af3acfd070f.js","polyfill-d10938940af3acfd070f.js.map"],"children":{},"childAssets":{}},"app":{"chunks":[2,9,3],"assets":["webpack-runtime-a6b46f957a39accb3b40.js","webpack-runtime-a6b46f957a39accb3b40.js.map","framework-b5b229d58c3c710d5429.js","framework-b5b229d58c3c710d5429.js.map","app-ddfdcbbd6d9ceaf85cde.js","app-ddfdcbbd6d9ceaf85cde.js.map"],"children":{},"childAssets":{}},"component---src-pages-404-js":{"chunks":[0,1,4],"assets":["styles.84fdf6739f20397a0019.css","styles-89fd2ae28bdf06750a71.js","styles-89fd2ae28bdf06750a71.js.map","d4661642777efdbdc1b4e6b8478142b0c768269f-babf70ae976fa72a2d09.js","d4661642777efdbdc1b4e6b8478142b0c768269f-babf70ae976fa72a2d09.js.map","component---src-pages-404-js-6d00771802fd2ca67982.js","component---src-pages-404-js-6d00771802fd2ca67982.js.map"],"children":{},"childAssets":{}},"component---src-pages-advanced-js":{"chunks":[0,5],"assets":["styles.84fdf6739f20397a0019.css","styles-89fd2ae28bdf06750a71.js","styles-89fd2ae28bdf06750a71.js.map","component---src-pages-advanced-js-16b792c0811ff83e0a8a.js","component---src-pages-advanced-js-16b792c0811ff83e0a8a.js.map"],"children":{},"childAssets":{}},"component---src-pages-index-js":{"chunks":[0,8,6],"assets":["styles.84fdf6739f20397a0019.css","styles-89fd2ae28bdf06750a71.js","styles-89fd2ae28bdf06750a71.js.map","fb7d5399-4df235cb48b61d4cd387.js","fb7d5399-4df235cb48b61d4cd387.js.map","component---src-pages-index-js-4b465ad791c072d7520e.js","component---src-pages-index-js-4b465ad791c072d7520e.js.map"],"children":{},"childAssets":{}},"component---src-pages-page-2-js":{"chunks":[0,1,7],"assets":["styles.84fdf6739f20397a0019.css","styles-89fd2ae28bdf06750a71.js","styles-89fd2ae28bdf06750a71.js.map","d4661642777efdbdc1b4e6b8478142b0c768269f-babf70ae976fa72a2d09.js","d4661642777efdbdc1b4e6b8478142b0c768269f-babf70ae976fa72a2d09.js.map","component---src-pages-page-2-js-24290b75ea3dad234a20.js","component---src-pages-page-2-js-24290b75ea3dad234a20.js.map"],"children":{},"childAssets":{}}},"assetsByChunkName":{"polyfill":["webpack-runtime-a6b46f957a39accb3b40.js","polyfill-d10938940af3acfd070f.js"],"app":["webpack-runtime-a6b46f957a39accb3b40.js","framework-b5b229d58c3c710d5429.js","app-ddfdcbbd6d9ceaf85cde.js"],"component---src-pages-404-js":["styles.84fdf6739f20397a0019.css","styles-89fd2ae28bdf06750a71.js","d4661642777efdbdc1b4e6b8478142b0c768269f-babf70ae976fa72a2d09.js","component---src-pages-404-js-6d00771802fd2ca67982.js"],"component---src-pages-advanced-js":["styles.84fdf6739f20397a0019.css","styles-89fd2ae28bdf06750a71.js","component---src-pages-advanced-js-16b792c0811ff83e0a8a.js"],"component---src-pages-index-js":["styles.84fdf6739f20397a0019.css","styles-89fd2ae28bdf06750a71.js","fb7d5399-4df235cb48b61d4cd387.js","component---src-pages-index-js-4b465ad791c072d7520e.js"],"component---src-pages-page-2-js":["styles.84fdf6739f20397a0019.css","styles-89fd2ae28bdf06750a71.js","d4661642777efdbdc1b4e6b8478142b0c768269f-babf70ae976fa72a2d09.js","component---src-pages-page-2-js-24290b75ea3dad234a20.js"]}}