{"data":{"prices":{"edges":[{"node":{"id":"price_1HHtvHDacTuHZSBKyJclPra6","active":true,"currency":"eur","unit_amount":50,"product":{"id":"prod_HrdBV4v7j8yU8p","name":"Bolso marrón"}}},{"node":{"id":"price_1HHAiHDacTuHZSBKCkWa5Bui","active":true,"currency":"eur","unit_amount":50,"product":{"id":"prod_HqsTh1eiHdwO9Y","name":"Bolso negro"}}},{"node":{"id":"price_1HHtwmDacTuHZSBKPBQfLT1w","active":true,"currency":"eur","unit_amount":62,"product":{"id":"prod_HrdDt2NVuRTTzT","name":"Bolso blanco"}}}]}}}