{"data":{"prices":{"edges":[{"node":{"id":"price_1HHtvHDacTuHZSBKyJclPra6","active":true,"currency":"eur","unit_amount":50,"product":{"id":"prod_HrdBV4v7j8yU8p","name":"Bolso marrón","images":["https://files.stripe.com/links/fl_live_RfFUKaRGVB4utsxORB2E7RPf"]}}},{"node":{"id":"price_1HHAiHDacTuHZSBKCkWa5Bui","active":true,"currency":"eur","unit_amount":50,"product":{"id":"prod_HqsTh1eiHdwO9Y","name":"Bolso negro","images":["https://files.stripe.com/links/fl_live_1bG1S19Alubd1E5iIiHS46TL"]}}},{"node":{"id":"price_1HHtwmDacTuHZSBKPBQfLT1w","active":true,"currency":"eur","unit_amount":62,"product":{"id":"prod_HrdDt2NVuRTTzT","name":"Bolso blanco","images":["https://files.stripe.com/links/fl_live_GFCN9YC8x5eE9glhzZ5oXuYI"]}}}]}}}